1|213|1975|12500|Bohemian Rhapsody|Queen|A Night at the Opera|Rock
2|354|1971|9800|Stairway to Heaven|Led Zeppelin|Led Zeppelin IV|Rock
3|201|1982|15000|Billie Jean|Michael Jackson|Thriller|Pop
4|298|1969|7200|Come Together|The Beatles|Abbey Road|Rock
5|242|1991|11000|Smells Like Teen Spirit|Nirvana|Nevermind|Grunge
6|180|2019|8900|Bad Guy|Billie Eilish|When We All Fall Asleep|Pop
7|225|1985|6400|Take On Me|a-ha|Hunting High and Low|Synthpop
8|267|1979|8100|Another Brick in the Wall|Pink Floyd|The Wall|Progressive Rock
9|195|2000|5600|Yellow|Coldplay|Parachutes|Alternative
10|310|1994|10500|Zombie|The Cranberries|No Need to Argue|Rock
